{
  "category": "Mediation",
  "name": "addQueryParam",
  "version": "v1",
  "displayName": "Add Query Param",
  "description": "This policy allows you to add a query parameter to the request",
  "policyAttributes": [
    {
      "name": "paramKey",
      "displayName": "Parameter Key",
      "description": "Query parameter's key in URL encoded format",
      "validationRegex": "^([a-zA-Z_\\%][a-zA-Z\\d_\\-\\ \\%]*)$",
      "type": "String",
      "required": true
    },
    {
      "name": "paramValue",
      "displayName": "Parameter Value",
      "description": "Query parameter's value in URL encoded format",
      "validationRegex": "^([a-zA-Z\\d_\\%][a-zA-Z\\d_\\-\\ \\%]*)$",
      "type": "String",
      "required": true
    }
  ],
  "applicableFlows": [
    "request"
  ],
  "supportedGateways": [
    "Synapse",
    "ChoreoConnect"
  ],
  "supportedApiTypes": [
    "HTTP"
  ]
}