{
  "category": "Mediation",
  "name": "ccChangeHTTPMethod",
  "version": "v2",
  "displayName": "Change HTTP Method",
  "description": "This policy allows you to change the HTTP Method",
  "policyAttributes": [
    {
      "name": "updatedMethod",
      "displayName": "Updated HTTP Method",
      "description": "New updated method of the HTTP request",
      "validationRegex": "^(GET|PUT|POST|PATCH|DELETE|HEAD|OPTIONS)$",
      "type": "Enum",
      "allowedValues" : ["GET","PUT","POST","PATCH","DELETE","HEAD","OPTIONS"],
      "required": true
    }
  ],
  "applicableFlows": [
    "request"
  ],
  "supportedGateways": [
    "ChoreoConnect"
  ],
  "supportedApiTypes": [
    "HTTP"
  ]
}