{
  "category": "Mediation",
  "name": "removeHeader",
  "version": "v1",
  "displayName": "Remove Header",
  "description": "This policy allows you to remove a header from the request",
  "policyAttributes": [
    {
      "name": "headerName",
      "displayName": "Header Name",
      "description": "Name of the header to be removed",
      "validationRegex": "^([a-zA-Z_][a-zA-Z\\d_\\-\\ ]*)$",
      "type": "String",
      "required": true
    }
  ],
  "applicableFlows": [
    "request",
    "response",
    "fault"
  ],
  "supportedGateways": [
    "Synapse"
  ],
  "supportedApiTypes": [
    "HTTP"
  ]
}